try,offset,latency,base=0xc0000000
0,0,270
0,64,120
0,128,45
0,192,45
0,256,45
0,320,45
0,384,45
0,448,45
0,512,45
0,576,30
0,640,45
0,704,45
0,768,45
0,832,45
0,896,45
0,960,30
try,offset,latency,base=0xc0000000
1,0,285
1,64,60
1,128,60
1,192,60
1,256,60
1,320,45
1,384,45
1,448,30
1,512,45
1,576,45
1,640,45
1,704,30
1,768,45
1,832,45
1,896,45
1,960,45
try,offset,latency,base=0xc0000000
2,0,330
2,64,45
2,128,45
2,192,45
2,256,45
2,320,45
2,384,45
2,448,45
2,512,45
2,576,45
2,640,45
2,704,30
2,768,45
2,832,45
2,896,45
2,960,45
try,offset,latency,base=0xc0000000
3,0,345
3,64,60
3,128,60
3,192,60
3,256,45
3,320,45
3,384,30
3,448,45
3,512,45
3,576,45
3,640,45
3,704,45
3,768,45
3,832,45
3,896,30
3,960,45
try,offset,latency,base=0xc0000000
4,0,330
4,64,45
4,128,45
4,192,45
4,256,45
4,320,30
4,384,45
4,448,45
4,512,45
4,576,45
4,640,45
4,704,45
4,768,45
4,832,45
4,896,45
4,960,45
try,offset,latency,base=0xc0000000
5,0,270
5,64,60
5,128,60
5,192,60
5,256,45
5,320,45
5,384,30
5,448,45
5,512,45
5,576,45
5,640,45
5,704,45
5,768,45
5,832,45
5,896,30
5,960,45
try,offset,latency,base=0xc0000000
6,0,270
6,64,45
6,128,45
6,192,45
6,256,45
6,320,45
6,384,45
6,448,45
6,512,45
6,576,30
6,640,45
6,704,45
6,768,45
6,832,45
6,896,45
6,960,30
try,offset,latency,base=0xc0000000
7,0,270
7,64,285
7,128,240
7,192,60
7,256,45
7,320,45
7,384,45
7,448,45
7,512,30
7,576,45
7,640,30
7,704,45
7,768,45
7,832,45
7,896,45
7,960,45
try,offset,latency,base=0xc0000000
8,0,270
8,64,45
8,128,45
8,192,45
8,256,45
8,320,45
8,384,45
8,448,45
8,512,45
8,576,30
8,640,45
8,704,45
8,768,45
8,832,45
8,896,45
8,960,30
try,offset,latency,base=0xc0000000
9,0,285
9,64,60
9,128,60
9,192,60
9,256,30
9,320,45
9,384,45
9,448,45
9,512,45
9,576,45
9,640,45
9,704,30
9,768,45
9,832,45
9,896,45
9,960,45
try,offset,latency,base=0xc0000000
10,0,270
10,64,60
10,128,60
10,192,60
10,256,45
10,320,45
10,384,30
10,448,45
10,512,45
10,576,45
10,640,30
10,704,45
10,768,45
10,832,45
10,896,45
10,960,45
try,offset,latency,base=0xc0000000
11,0,270
11,64,270
11,128,240
11,192,45
11,256,45
11,320,30
11,384,45
11,448,45
11,512,45
11,576,30
11,640,45
11,704,45
11,768,45
11,832,45
11,896,45
11,960,30
try,offset,latency,base=0xc0000000
12,0,270
12,64,285
12,128,240
12,192,75
12,256,45
12,320,30
12,384,45
12,448,45
12,512,45
12,576,45
12,640,45
12,704,45
12,768,30
12,832,45
12,896,45
12,960,45
try,offset,latency,base=0xc0000000
13,0,285
13,64,270
13,128,240
13,192,45
13,256,45
13,320,45
13,384,45
13,448,45
13,512,45
13,576,45
13,640,45
13,704,45
13,768,30
13,832,45
13,896,45
13,960,45
try,offset,latency,base=0xc0000000
14,0,330
14,64,45
14,128,45
14,192,45
14,256,45
14,320,45
14,384,45
14,448,45
14,512,45
14,576,45
14,640,45
14,704,30
14,768,45
14,832,45
14,896,45
14,960,45
try,offset,latency,base=0xc0000000
15,0,270
15,64,75
15,128,45
15,192,45
15,256,45
15,320,45
15,384,45
15,448,30
15,512,45
15,576,30
15,640,45
15,704,45
15,768,45
15,832,45
15,896,45
15,960,30
try,offset,latency,base=0xc0000000
16,0,285
16,64,285
16,128,240
16,192,45
16,256,45
16,320,45
16,384,45
16,448,30
16,512,45
16,576,30
16,640,45
16,704,45
16,768,45
16,832,45
16,896,45
16,960,30
try,offset,latency,base=0xc0000000
17,0,285
17,64,300
17,128,240
17,192,45
17,256,45
17,320,45
17,384,45
17,448,45
17,512,30
17,576,45
17,640,45
17,704,45
17,768,45
17,832,45
17,896,45
17,960,45
try,offset,latency,base=0xc0000000
18,0,270
18,64,285
18,128,240
18,192,60
18,256,45
18,320,45
18,384,30
18,448,45
18,512,45
18,576,45
18,640,45
18,704,45
18,768,45
18,832,30
18,896,30
18,960,45
try,offset,latency,base=0xc0000000
19,0,270
19,64,45
19,128,45
19,192,45
19,256,45
19,320,45
19,384,45
19,448,30
19,512,45
19,576,30
19,640,45
19,704,45
19,768,45
19,832,45
19,896,45
19,960,30
try,offset,latency,base=0xc0000000
20,0,270
20,64,45
20,128,45
20,192,45
20,256,45
20,320,45
20,384,45
20,448,45
20,512,45
20,576,45
20,640,45
20,704,45
20,768,30
20,832,45
20,896,45
20,960,45
try,offset,latency,base=0xc0000000
21,0,270
21,64,45
21,128,45
21,192,45
21,256,45
21,320,45
21,384,45
21,448,45
21,512,45
21,576,45
21,640,45
21,704,30
21,768,45
21,832,45
21,896,45
21,960,45
try,offset,latency,base=0xc0000000
22,0,270
22,64,60
22,128,60
22,192,60
22,256,30
22,320,45
22,384,45
22,448,45
22,512,45
22,576,45
22,640,45
22,704,45
22,768,45
22,832,30
22,896,30
22,960,45
try,offset,latency,base=0xc0000000
23,0,270
23,64,45
23,128,45
23,192,45
23,256,45
23,320,30
23,384,45
23,448,45
23,512,45
23,576,45
23,640,45
23,704,45
23,768,45
23,832,45
23,896,45
23,960,45
try,offset,latency,base=0xc0000000
24,0,270
24,64,45
24,128,45
24,192,45
24,256,45
24,320,45
24,384,45
24,448,30
24,512,45
24,576,45
24,640,45
24,704,30
24,768,45
24,832,45
24,896,45
24,960,45
try,offset,latency,base=0xc0000000
25,0,330
25,64,45
25,128,45
25,192,45
25,256,45
25,320,45
25,384,45
25,448,45
25,512,30
25,576,45
25,640,30
25,704,45
25,768,45
25,832,45
25,896,45
25,960,45
try,offset,latency,base=0xc0000000
26,0,285
26,64,60
26,128,60
26,192,60
26,256,45
26,320,45
26,384,45
26,448,45
26,512,45
26,576,45
26,640,45
26,704,45
26,768,45
26,832,30
26,896,30
26,960,45
try,offset,latency,base=0xc0000000
27,0,270
27,64,270
27,128,240
27,192,45
27,256,45
27,320,30
27,384,45
27,448,45
27,512,45
27,576,45
27,640,45
27,704,45
27,768,30
27,832,45
27,896,45
27,960,45
try,offset,latency,base=0xc0000000
28,0,270
28,64,45
28,128,45
28,192,45
28,256,45
28,320,45
28,384,45
28,448,30
28,512,45
28,576,30
28,640,45
28,704,45
28,768,45
28,832,45
28,896,45
28,960,30
try,offset,latency,base=0xc0000000
29,0,270
29,64,45
29,128,45
29,192,45
29,256,45
29,320,30
29,384,45
29,448,45
29,512,45
29,576,45
29,640,45
29,704,45
29,768,45
29,832,45
29,896,45
29,960,45
try,offset,latency,base=0xc0000000
30,0,330
30,64,45
30,128,45
30,192,45
30,256,45
30,320,45
30,384,45
30,448,30
30,512,45
30,576,30
30,640,45
30,704,45
30,768,45
30,832,45
30,896,45
30,960,30
try,offset,latency,base=0xc0000000
31,0,285
31,64,60
31,128,60
31,192,60
31,256,45
31,320,45
31,384,30
31,448,45
31,512,45
31,576,45
31,640,45
31,704,45
31,768,45
31,832,45
31,896,45
31,960,45
try,offset,latency,base=0xc0000000
32,0,270
32,64,285
32,128,240
32,192,45
32,256,45
32,320,45
32,384,45
32,448,45
32,512,30
32,576,45
32,640,30
32,704,45
32,768,45
32,832,45
32,896,45
32,960,45
try,offset,latency,base=0xc0000000
33,0,270
33,64,270
33,128,240
33,192,45
33,256,45
33,320,45
33,384,45
33,448,45
33,512,30
33,576,45
33,640,45
33,704,45
33,768,45
33,832,45
33,896,45
33,960,45
try,offset,latency,base=0xc0000000
34,0,270
34,64,45
34,128,45
34,192,45
34,256,45
34,320,45
34,384,45
34,448,45
34,512,45
34,576,45
34,640,45
34,704,30
34,768,45
34,832,45
34,896,45
34,960,45
try,offset,latency,base=0xc0000000
35,0,270
35,64,45
35,128,45
35,192,45
35,256,45
35,320,30
35,384,45
35,448,45
35,512,45
35,576,45
35,640,45
35,704,45
35,768,45
35,832,45
35,896,45
35,960,45
try,offset,latency,base=0xc0000000
36,0,330
36,64,45
36,128,45
36,192,45
36,256,45
36,320,45
36,384,45
36,448,45
36,512,30
36,576,45
36,640,30
36,704,45
36,768,45
36,832,45
36,896,45
36,960,45
try,offset,latency,base=0xc0000000
37,0,270
37,64,285
37,128,240
37,192,45
37,256,45
37,320,45
37,384,45
37,448,45
37,512,30
37,576,45
37,640,45
37,704,45
37,768,45
37,832,45
37,896,45
37,960,45
try,offset,latency,base=0xc0000000
38,0,270
38,64,285
38,128,255
38,192,60
38,256,45
38,320,45
38,384,30
38,448,45
38,512,45
38,576,45
38,640,45
38,704,45
38,768,45
38,832,30
38,896,30
38,960,45
try,offset,latency,base=0xc0000000
39,0,270
39,64,285
39,128,240
39,192,45
39,256,45
39,320,30
39,384,45
39,448,45
39,512,45
39,576,45
39,640,45
39,704,45
39,768,45
39,832,45
39,896,45
39,960,45
try,offset,latency,base=0xc0000000
40,0,270
40,64,45
40,128,45
40,192,45
40,256,45
40,320,45
40,384,45
40,448,45
40,512,30
40,576,45
40,640,30
40,704,45
40,768,45
40,832,45
40,896,45
40,960,45
try,offset,latency,base=0xc0000000
41,0,345
41,64,45
41,128,45
41,192,45
41,256,45
41,320,45
41,384,45
41,448,30
41,512,45
41,576,30
41,640,45
41,704,45
41,768,45
41,832,45
41,896,45
41,960,30
try,offset,latency,base=0xc0000000
42,0,285
42,64,45
42,128,45
42,192,45
42,256,30
42,320,45
42,384,45
42,448,45
42,512,45
42,576,45
42,640,45
42,704,30
42,768,45
42,832,45
42,896,45
42,960,45
try,offset,latency,base=0xc0000000
43,0,270
43,64,285
43,128,240
43,192,45
43,256,45
43,320,30
43,384,45
43,448,45
43,512,45
43,576,45
43,640,45
43,704,45
43,768,45
43,832,45
43,896,45
43,960,45
try,offset,latency,base=0xc0000000
44,0,270
44,64,270
44,128,240
44,192,45
44,256,45
44,320,30
44,384,45
44,448,45
44,512,45
44,576,45
44,640,45
44,704,45
44,768,30
44,832,45
44,896,45
44,960,45
try,offset,latency,base=0xc0000000
45,0,270
45,64,45
45,128,45
45,192,45
45,256,45
45,320,30
45,384,45
45,448,45
45,512,45
45,576,45
45,640,45
45,704,45
45,768,45
45,832,45
45,896,45
45,960,45
try,offset,latency,base=0xc0000000
46,0,330
46,64,45
46,128,45
46,192,45
46,256,30
46,320,45
46,384,45
46,448,45
46,512,45
46,576,45
46,640,45
46,704,30
46,768,45
46,832,45
46,896,45
46,960,45
try,offset,latency,base=0xc0000000
47,0,285
47,64,60
47,128,60
47,192,60
47,256,45
47,320,45
47,384,30
47,448,45
47,512,45
47,576,45
47,640,45
47,704,45
47,768,45
47,832,30
47,896,30
47,960,45
try,offset,latency,base=0xc0000000
48,0,270
48,64,45
48,128,45
48,192,45
48,256,45
48,320,45
48,384,45
48,448,30
48,512,45
48,576,30
48,640,45
48,704,45
48,768,45
48,832,45
48,896,45
48,960,30
try,offset,latency,base=0xc0000000
49,0,270
49,64,285
49,128,255
49,192,60
49,256,45
49,320,45
49,384,45
49,448,45
49,512,45
49,576,45
49,640,30
49,704,45
49,768,45
49,832,45
49,896,45
49,960,45
try,offset,latency,base=0xc0000000
50,0,285
50,64,285
50,128,240
50,192,45
50,256,45
50,320,45
50,384,45
50,448,30
50,512,45
50,576,30
50,640,45
50,704,45
50,768,45
50,832,45
50,896,45
50,960,30
try,offset,latency,base=0xc0000000
51,0,285
51,64,60
51,128,60
51,192,60
51,256,45
51,320,45
51,384,45
51,448,45
51,512,45
51,576,45
51,640,45
51,704,45
51,768,45
51,832,30
51,896,30
51,960,45
try,offset,latency,base=0xc0000000
52,0,270
52,64,45
52,128,45
52,192,45
52,256,45
52,320,45
52,384,45
52,448,45
52,512,30
52,576,45
52,640,30
52,704,45
52,768,45
52,832,45
52,896,45
52,960,45
try,offset,latency,base=0xc0000000
53,0,285
53,64,285
53,128,240
53,192,45
53,256,45
53,320,45
53,384,45
53,448,45
53,512,45
53,576,45
53,640,45
53,704,30
53,768,45
53,832,45
53,896,45
53,960,45
try,offset,latency,base=0xc0000000
54,0,285
54,64,285
54,128,240
54,192,45
54,256,45
54,320,45
54,384,45
54,448,45
54,512,45
54,576,45
54,640,45
54,704,30
54,768,45
54,832,45
54,896,45
54,960,45
try,offset,latency,base=0xc0000000
55,0,270
55,64,45
55,128,45
55,192,45
55,256,45
55,320,45
55,384,45
55,448,45
55,512,30
55,576,45
55,640,30
55,704,45
55,768,45
55,832,45
55,896,45
55,960,45
try,offset,latency,base=0xc0000000
56,0,285
56,64,285
56,128,240
56,192,45
56,256,45
56,320,45
56,384,45
56,448,45
56,512,45
56,576,45
56,640,45
56,704,30
56,768,45
56,832,45
56,896,45
56,960,45
try,offset,latency,base=0xc0000000
57,0,270
57,64,60
57,128,60
57,192,60
57,256,45
57,320,45
57,384,30
57,448,45
57,512,45
57,576,45
57,640,45
57,704,45
57,768,45
57,832,45
57,896,45
57,960,45
try,offset,latency,base=0xc0000000
58,0,270
58,64,45
58,128,45
58,192,45
58,256,45
58,320,45
58,384,45
58,448,30
58,512,45
58,576,30
58,640,45
58,704,45
58,768,45
58,832,45
58,896,45
58,960,30
try,offset,latency,base=0xc0000000
59,0,270
59,64,285
59,128,240
59,192,45
59,256,45
59,320,45
59,384,45
59,448,45
59,512,30
59,576,45
59,640,30
59,704,45
59,768,45
59,832,45
59,896,45
59,960,45
try,offset,latency,base=0xc0000000
60,0,270
60,64,285
60,128,240
60,192,45
60,256,45
60,320,45
60,384,45
60,448,45
60,512,30
60,576,45
60,640,30
60,704,45
60,768,45
60,832,45
60,896,45
60,960,45
try,offset,latency,base=0xc0000000
61,0,270
61,64,285
61,128,240
61,192,45
61,256,30
61,320,45
61,384,45
61,448,45
61,512,45
61,576,45
61,640,45
61,704,45
61,768,45
61,832,30
61,896,45
61,960,45
try,offset,latency,base=0xc0000000
62,0,285
62,64,60
62,128,60
62,192,60
62,256,45
62,320,45
62,384,45
62,448,45
62,512,45
62,576,45
62,640,45
62,704,30
62,768,45
62,832,45
62,896,45
62,960,45
try,offset,latency,base=0xc0000000
63,0,270
63,64,60
63,128,60
63,192,45
63,256,30
63,320,45
63,384,45
63,448,45
63,512,45
63,576,45
63,640,45
63,704,45
63,768,45
63,832,30
63,896,45
63,960,45
try,offset,latency,base=0xc0000000
64,0,270
64,64,285
64,128,240
64,192,45
64,256,45
64,320,30
64,384,45
64,448,45
64,512,45
64,576,45
64,640,45
64,704,45
64,768,45
64,832,45
64,896,45
64,960,45
try,offset,latency,base=0xc0000000
65,0,270
65,64,270
65,128,240
65,192,45
65,256,45
65,320,45
65,384,45
65,448,45
65,512,30
65,576,45
65,640,45
65,704,45
65,768,45
65,832,45
65,896,45
65,960,45
try,offset,latency,base=0xc0000000
66,0,285
66,64,285
66,128,240
66,192,45
66,256,45
66,320,45
66,384,45
66,448,30
66,512,45
66,576,30
66,640,45
66,704,45
66,768,45
66,832,45
66,896,45
66,960,30
try,offset,latency,base=0xc0000000
67,0,270
67,64,285
67,128,240
67,192,45
67,256,30
67,320,45
67,384,45
67,448,45
67,512,45
67,576,45
67,640,45
67,704,45
67,768,45
67,832,30
67,896,45
67,960,45
try,offset,latency,base=0xc0000000
68,0,360
68,64,60
68,128,60
68,192,60
68,256,45
68,320,45
68,384,45
68,448,45
68,512,45
68,576,45
68,640,45
68,704,45
68,768,30
68,832,45
68,896,45
68,960,45
try,offset,latency,base=0xc0000000
69,0,330
69,64,45
69,128,45
69,192,45
69,256,30
69,320,45
69,384,45
69,448,45
69,512,45
69,576,45
69,640,45
69,704,30
69,768,45
69,832,45
69,896,45
69,960,45
try,offset,latency,base=0xc0000000
70,0,270
70,64,45
70,128,45
70,192,45
70,256,45
70,320,45
70,384,45
70,448,45
70,512,30
70,576,45
70,640,45
70,704,45
70,768,45
70,832,45
70,896,45
70,960,45
try,offset,latency,base=0xc0000000
71,0,270
71,64,285
71,128,240
71,192,45
71,256,45
71,320,45
71,384,45
71,448,45
71,512,30
71,576,45
71,640,30
71,704,45
71,768,45
71,832,45
71,896,45
71,960,45
try,offset,latency,base=0xc0000000
72,0,270
72,64,270
72,128,240
72,192,45
72,256,45
72,320,45
72,384,45
72,448,45
72,512,30
72,576,45
72,640,30
72,704,45
72,768,45
72,832,45
72,896,45
72,960,45
try,offset,latency,base=0xc0000000
73,0,270
73,64,45
73,128,60
73,192,60
73,256,45
73,320,45
73,384,45
73,448,45
73,512,45
73,576,45
73,640,30
73,704,45
73,768,45
73,832,45
73,896,45
73,960,45
try,offset,latency,base=0xc0000000
74,0,330
74,64,45
74,128,45
74,192,45
74,256,45
74,320,45
74,384,45
74,448,45
74,512,45
74,576,45
74,640,45
74,704,45
74,768,30
74,832,45
74,896,45
74,960,45
try,offset,latency,base=0xc0000000
75,0,270
75,64,270
75,128,255
75,192,45
75,256,45
75,320,45
75,384,45
75,448,45
75,512,30
75,576,45
75,640,45
75,704,45
75,768,45
75,832,45
75,896,45
75,960,45
try,offset,latency,base=0xc0000000
76,0,270
76,64,285
76,128,255
76,192,60
76,256,45
76,320,45
76,384,45
76,448,45
76,512,45
76,576,45
76,640,30
76,704,45
76,768,45
76,832,45
76,896,45
76,960,45
try,offset,latency,base=0xc0000000
77,0,270
77,64,285
77,128,240
77,192,45
77,256,45
77,320,45
77,384,45
77,448,30
77,512,45
77,576,30
77,640,45
77,704,45
77,768,45
77,832,45
77,896,45
77,960,30
try,offset,latency,base=0xc0000000
78,0,270
78,64,285
78,128,255
78,192,60
78,256,45
78,320,45
78,384,30
78,448,45
78,512,45
78,576,45
78,640,45
78,704,45
78,768,45
78,832,45
78,896,45
78,960,45
try,offset,latency,base=0xc0000000
79,0,270
79,64,285
79,128,240
79,192,45
79,256,45
79,320,45
79,384,45
79,448,45
79,512,30
79,576,45
79,640,45
79,704,45
79,768,45
79,832,45
79,896,45
79,960,45
try,offset,latency,base=0xc0000000
80,0,270
80,64,45
80,128,45
80,192,45
80,256,45
80,320,45
80,384,45
80,448,45
80,512,30
80,576,45
80,640,30
80,704,45
80,768,45
80,832,45
80,896,45
80,960,45
try,offset,latency,base=0xc0000000
81,0,270
81,64,285
81,128,240
81,192,45
81,256,45
81,320,45
81,384,45
81,448,45
81,512,30
81,576,45
81,640,45
81,704,45
81,768,45
81,832,45
81,896,45
81,960,45
try,offset,latency,base=0xc0000000
82,0,270
82,64,270
82,128,240
82,192,45
82,256,45
82,320,45
82,384,45
82,448,45
82,512,30
82,576,45
82,640,45
82,704,45
82,768,45
82,832,45
82,896,45
82,960,45
try,offset,latency,base=0xc0000000
83,0,270
83,64,270
83,128,240
83,192,45
83,256,45
83,320,45
83,384,45
83,448,45
83,512,30
83,576,45
83,640,45
83,704,45
83,768,45
83,832,45
83,896,45
83,960,45
try,offset,latency,base=0xc0000000
84,0,270
84,64,285
84,128,240
84,192,45
84,256,45
84,320,45
84,384,45
84,448,45
84,512,30
84,576,45
84,640,45
84,704,45
84,768,45
84,832,45
84,896,45
84,960,45
try,offset,latency,base=0xc0000000
85,0,270
85,64,285
85,128,240
85,192,45
85,256,45
85,320,45
85,384,45
85,448,30
85,512,45
85,576,45
85,640,45
85,704,30
85,768,45
85,832,45
85,896,45
85,960,45
try,offset,latency,base=0xc0000000
86,0,270
86,64,285
86,128,240
86,192,45
86,256,45
86,320,45
86,384,45
86,448,30
86,512,45
86,576,30
86,640,45
86,704,45
86,768,45
86,832,45
86,896,45
86,960,30
try,offset,latency,base=0xc0000000
87,0,270
87,64,45
87,128,45
87,192,45
87,256,45
87,320,45
87,384,45
87,448,45
87,512,45
87,576,45
87,640,45
87,704,45
87,768,30
87,832,45
87,896,45
87,960,45
try,offset,latency,base=0xc0000000
88,0,270
88,64,285
88,128,240
88,192,45
88,256,30
88,320,45
88,384,45
88,448,45
88,512,45
88,576,45
88,640,45
88,704,30
88,768,45
88,832,45
88,896,45
88,960,45
try,offset,latency,base=0xc0000000
89,0,270
89,64,285
89,128,240
89,192,60
89,256,45
89,320,45
89,384,45
89,448,45
89,512,30
89,576,45
89,640,45
89,704,45
89,768,45
89,832,45
89,896,45
89,960,45
try,offset,latency,base=0xc0000000
90,0,270
90,64,45
90,128,45
90,192,45
90,256,45
90,320,45
90,384,45
90,448,45
90,512,30
90,576,45
90,640,30
90,704,45
90,768,45
90,832,45
90,896,45
90,960,45
try,offset,latency,base=0xc0000000
91,0,270
91,64,270
91,128,240
91,192,45
91,256,45
91,320,30
91,384,45
91,448,45
91,512,45
91,576,30
91,640,45
91,704,45
91,768,45
91,832,45
91,896,45
91,960,30
try,offset,latency,base=0xc0000000
92,0,270
92,64,285
92,128,255
92,192,45
92,256,45
92,320,45
92,384,45
92,448,30
92,512,45
92,576,30
92,640,45
92,704,45
92,768,45
92,832,45
92,896,45
92,960,30
try,offset,latency,base=0xc0000000
93,0,270
93,64,285
93,128,255
93,192,60
93,256,45
93,320,45
93,384,30
93,448,45
93,512,45
93,576,45
93,640,45
93,704,45
93,768,45
93,832,45
93,896,45
93,960,45
try,offset,latency,base=0xc0000000
94,0,270
94,64,45
94,128,60
94,192,60
94,256,45
94,320,45
94,384,45
94,448,45
94,512,45
94,576,45
94,640,30
94,704,45
94,768,45
94,832,45
94,896,45
94,960,45
try,offset,latency,base=0xc0000000
95,0,270
95,64,285
95,128,270
95,192,60
95,256,45
95,320,45
95,384,45
95,448,45
95,512,45
95,576,45
95,640,30
95,704,45
95,768,45
95,832,45
95,896,45
95,960,45
try,offset,latency,base=0xc0000000
96,0,270
96,64,285
96,128,240
96,192,60
96,256,45
96,320,45
96,384,30
96,448,45
96,512,45
96,576,45
96,640,45
96,704,45
96,768,45
96,832,30
96,896,30
96,960,45
try,offset,latency,base=0xc0000000
97,0,285
97,64,285
97,128,240
97,192,45
97,256,45
97,320,30
97,384,45
97,448,45
97,512,45
97,576,30
97,640,45
97,704,45
97,768,45
97,832,45
97,896,45
97,960,30
try,offset,latency,base=0xc0000000
98,0,270
98,64,285
98,128,240
98,192,45
98,256,45
98,320,45
98,384,45
98,448,30
98,512,45
98,576,45
98,640,45
98,704,30
98,768,45
98,832,45
98,896,45
98,960,45
try,offset,latency,base=0xc0000000
99,0,270
99,64,45
99,128,45
99,192,45
99,256,45
99,320,45
99,384,45
99,448,45
99,512,45
99,576,45
99,640,45
99,704,30
99,768,45
99,832,45
99,896,45
99,960,45
